genome	S_alg	k	real(s)	sys(s)	user(s)	percent_CPU	max_RAM(kb)	FS_inputs	FS_outputs	elapsed_time_alt(s)
spneumo-pangenome	prophasm	12	8.31	0.12	8.07	98%	174088	0	19296	8.327487
sars-cov-2_pangenome	eulertigs	12	10.15	0.29	9.73	98%	490404	0	15400	10.155629
spneumo-pangenome	prophasm	21	13.04	0.21	12.73	99%	365004	0	24712	13.067957
spneumo-pangenome	greedytigs	20	5.31	0.12	3.94	76%	246280	0	20640	5.320482
spneumoniae	greedytigs	18	0.38	0.00	0.29	75%	7632	0	4200	0.392768
spneumo-pangenome	unitigs	15	56.67	7.07	89.77	170%	2364684	0	1398448	56.681659
spneumoniae	eulertigs	22	0.45	0.00	0.35	80%	4928	0	4248	0.463892
spneumo_pangenome_subsampled	eulertigs	18	9.53	3.42	3.22	69%	429804	0	34808	9.543561
spneumoniae	unitigs	19	24.56	11.84	17.37	118%	760996	0	233560	24.577833
spneumo_pangenome-616.k63	greedytigs	61	4.29	0.12	4.16	99%	222128	0	39776	4.461178
yeast	unitigs	18	47.38	4.72	78.62	175%	1261052	0	1149216	47.40133
escherichia_coli.k32	eulertigs	14	283.86	4.80	274.82	98%	13315484	2352	403560	283.867948
escherichia_coli.k32	unitigs	18	525.61	62.43	1013.23	204%	7382992	12688	16467912	525.623589
spneumoniae	eulertigs	12	8.73	0.26	6.25	74%	251788	0	7880	8.74649
sars-cov-2_pangenome	eulertigs	11	5.48	0.18	5.26	99%	292180	0	6576	5.493241
spneumo-pangenome	matchtigs	21	51.52	0.28	50.21	97%	399332	0	94952	51.541076
sars-cov-2_pangenome	greedytigs	31	9.99	0.26	17.09	173%	498460	0	35456	9.998474
sars-cov-2_pangenome	greedytigs	24	8.17	0.16	12.85	159%	459644	0	26440	8.177721
yeast	eulertigs	18	2.36	0.05	1.87	81%	33848	0	23256	2.366357
sars-cov-2_pangenome	eulertigs	30	6.61	0.15	6.45	99%	322040	0	46080	6.619551
sars-cov-2.590k.k63	eulertigs	61	1.45	0.02	1.41	99%	52900	0	13576	1.610227
spneumo-pangenome	greedytigs	26	5.95	0.12	4.67	80%	245260	0	23584	5.962875
sars-cov-2_pangenome	greedytigs	17	7.37	0.12	12.02	164%	448780	144	17952	7.382815
spneumo-pangenome	eulertigs	20	5.31	0.13	4.05	78%	167000	0	24032	5.325092
sars-cov-2.590k.k63	matchtigs	61	40.75	0.31	41.23	101%	580932	0	167032	40.915427
spneumoniae	eulertigs	7	0.05	0.00	0.03	67%	4640	0	24	0.061764
spneumo-pangenome	matchtigs	8	0.56	0.02	0.77	142%	22896	0	1304	0.569165
sars-cov-2.590k.k63	unitigs	17	73.41	69.36	30.09	135%	17908376	0	400400	73.421973
spneumoniae	prophasm	8	0.16	0.00	0.15	97%	24484	0	80	0.174345
sars-cov-2_pangenome	eulertigs	24	6.41	0.16	6.23	99%	301936	0	36120	6.415951
spneumo_pangenome_subsampled	unitigs	20	16.68	65.01	24.84	538%	2167796	0	299088	16.686469
streptococcus_pneumoniae-large	matchtigs	31	2639.59	2.11	2631.48	99%	2887412	0	1012192	2639.605997
spneumoniae	prophasm	6	0.11	0.00	0.08	74%	23144	0	8	0.123741
spneumo-pangenome	matchtigs	27	68.36	0.30	66.48	97%	396988	0	114088	68.371736
spneumoniae	unitigs	22	27.11	12.04	16.87	106%	757444	0	221136	27.122326
sars-cov-2_pangenome	eulertigs	21	6.25	0.16	6.07	99%	289336	0	31344	6.259066
spneumo_pangenome_subsampled	matchtigs	12	2.87	0.66	1.25	66%	304268	368	10784	2.875293
escherichia_coli.k32	prophasm	8	18.87	0.07	18.78	99%	24660	0	80	18.881085
human	unitigs	17	14305.18	118607.16	32147.11	1053%	19343036	129504040	727292600	14305.188352
spneumoniae	matchtigs	6	0.03	0.01	0.00	46%	4280	0	80	0.046472
spneumo-pangenome	prophasm	16	11.24	0.15	11.07	99%	334904	0	23344	11.247598
spneumo-pangenome	eulertigs	26	5.35	0.15	4.17	80%	168380	0	27680	5.36623
spneumo-pangenome	prophasm	7	0.72	0.00	0.63	88%	23384	0	24	0.741416
spneumoniae	unitigs	6	10.80	1.22	1.60	26%	253444	0	24640	10.818856
spneumoniae	matchtigs	24	0.35	0.01	0.28	83%	7556	0	4984	0.357736
escherichia_coli.k32	eulertigs	16	201.36	5.66	194.50	99%	9433376	0	510552	201.365932
escherichia_coli.k32	unitigs	19	273.04	677.76	1021.81	622%	4777248	0	15070536	273.050299
spneumo-pangenome	prophasm	15	13.10	0.19	12.69	98%	331328	0	24504	13.109761
spneumo_pangenome_subsampled	greedytigs	16	8.88	2.88	3.04	66%	537904	0	30264	8.892235
spneumo-pangenome	unitigs	10	19.51	3.22	16.52	101%	354732	0	422080	19.525358
spneumo-pangenome	unitigs	11	52.38	9.90	66.96	146%	2252380	0	1316768	52.388192
spneumo-pangenome	matchtigs	20	54.84	0.55	53.23	98%	377764	0	113904	54.853931
streptococcus_pneumoniae-large	unitigs	18	218.48	25.44	432.61	209%	4025788	232	7006376	218.499095
sars-cov-2_pangenome	greedytigs	20	8.38	0.22	13.26	160%	448568	0	21560	8.388636
spneumoniae	unitigs	7	5.32	1.59	1.31	54%	252204	0	27120	5.336295
escherichia_coli.k32	eulertigs	9	0.38	0.02	0.36	99%	30028	0	264	0.386352
spneumo-pangenome	unitigs	25	54.06	5.31	69.20	137%	2295652	0	1044152	54.07251
spneumo-pangenome	unitigs	26	47.67	5.14	68.86	155%	2376340	0	1048608	47.680578
human	unitigs	23	2350.92	5784.56	21205.12	1148%	26575032	48	243697432	2350.930212
escherichia_coli.k32	greedytigs	8	0.12	0.00	0.14	112%	16936	0	72	0.133489
escherichia_coli.k32	greedytigs	11	27.19	0.25	45.27	167%	778804	64	4104	27.197265
salmonella_enterica.k32	matchtigs	31	8050.52	11.24	8014.15	99%	9492492	0	3011864	8050.533729
sars-cov-2.590k.k63	unitigs	31	75.80	72.58	35.22	142%	17542024	0	468080	75.807546
escherichia_coli.k32	unitigs	8	11.75	7.47	44.31	440%	2418636	338608	1120568	11.754215
sars-cov-2.590k.k63	eulertigs	9	0.47	0.00	0.40	85%	27860	0	368	0.639462
spneumoniae	matchtigs	21	0.35	0.00	0.29	81%	7880	0	5064	0.370114
sars-cov-2_pangenome	greedytigs	22	8.26	0.15	12.52	153%	452068	0	23976	8.263347
spneumo-pangenome	matchtigs	30	80.15	0.31	79.17	99%	400844	0	120560	80.162179
spneumoniae	greedytigs	11	51.56	0.27	66.90	130%	355104	0	2528	51.579513
spneumo-pangenome	greedytigs	8	0.27	0.01	0.16	64%	18816	0	72	0.28141
spneumo_pangenome_subsampled	unitigs	12	9.08	17.93	11.31	322%	1939412	0	120112	9.086229
spneumo-pangenome	prophasm	18	12.17	0.17	11.93	99%	348088	0	23024	12.185485
spneumo-pangenome	prophasm	24	13.79	0.19	13.40	98%	381448	0	26528	13.804833
human	prophasm	11	827.29	0.39	826.20	99%	111536	784	4464	827.299738
sars-cov-2_pangenome	eulertigs	31	7.87	0.17	7.69	99%	326332	0	47912	7.88028
streptococcus_pneumoniae-large	eulertigs	18	42.70	0.94	32.24	77%	1138032	0	163800	42.716899
spneumoniae	eulertigs	23	0.43	0.01	0.35	84%	4864	0	4256	0.443466
spneumo-pangenome	matchtigs	29	147.69	0.38	146.27	99%	563988	0	171208	147.713106
sars-cov-2.590k.k63	eulertigs	17	0.52	0.02	0.47	95%	35292	0	3408	0.687408
spneumo-pangenome	unitigs	23	41.82	4.74	70.07	178%	2317652	0	1036504	41.82969
sars-cov-2.590k.k63	unitigs	21	74.15	70.40	31.39	137%	17833152	0	420016	74.156889
escherichia_coli.k32	eulertigs	15	305.67	5.91	296.34	98%	14574132	0	560936	305.676446
streptococcus_pneumoniae-large	prophasm	18	120.56	2.06	111.61	94%	2748252	0	167184	120.579139
sars-cov-2_pangenome	unitigs	20	41.95	8.42	76.78	203%	2285472	936	1195120	41.957405
sars-cov-2_pangenome	unitigs	25	44.95	11.95	84.63	214%	2305784	4656	1374080	44.957075
spneumo-pangenome	prophasm	17	12.46	0.18	12.11	98%	341948	0	23136	12.477902
salmonella_enterica.k32	eulertigs	31	58.88	1.10	45.39	78%	1318444	0	295912	58.890909
sars-cov-2.590k.k63	greedytigs	9	1.88	0.03	1.89	102%	55660	0	264	2.061636
spneumoniae	prophasm	10	0.91	0.00	0.86	94%	41980	0	1592	0.919932
sars-cov-2_pangenome	greedytigs	26	8.99	0.17	14.82	166%	469720	0	28944	9.000411
sars-cov-2.590k.k63	eulertigs	11	1.45	0.05	1.31	93%	94152	0	2712	1.615902
human	eulertigs	19	3387.00	340.24	3014.56	99%	121203412	71694392	7964920	3387.0122
spneumo-pangenome	prophasm	14	12.23	0.17	11.83	98%	331328	0	27824	12.24216
spneumo-pangenome	eulertigs	24	6.29	0.16	4.85	79%	157288	0	26016	6.302073
yeast	unitigs	15	83.98	10.46	128.85	165%	1263616	0	2114680	83.986459
spneumoniae	eulertigs	21	0.42	0.00	0.36	85%	4896	0	4248	0.431118
human	eulertigs	11	8.48	0.27	7.98	97%	427604	658776	4104	8.485908
sars-cov-2_pangenome	greedytigs	13	24.90	0.35	57.61	232%	825944	0	10848	24.906416
sars-cov-2.590k.k63	prophasm	23	1.94	0.02	1.91	99%	77124	48	4648	2.106025
spneumoniae	greedytigs	15	0.93	0.05	0.53	63%	48916	0	4192	0.946209
escherichia_coli.k32	matchtigs	19	19578.24	7.51	19554.24	99%	9508636	6808	3107344	19578.248631
salmonella_enterica.k32	unitigs	18	310.89	34.21	583.79	198%	4776844	0	9468296	310.904801
spneumo-pangenome	eulertigs	22	6.18	0.17	4.73	79%	170756	0	25192	6.200277
spneumoniae	greedytigs	19	0.40	0.00	0.28	71%	6748	0	4200	0.415447
spneumo-pangenome	greedytigs	25	5.06	0.12	3.94	80%	238344	0	23120	5.077569
sars-cov-2.590k.k63	eulertigs	21	0.57	0.02	0.54	98%	37940	0	4080	0.738389
spneumoniae	prophasm	18	2.60	0.07	2.51	99%	112392	0	4320	2.609695
spneumoniae	greedytigs	20	0.42	0.00	0.29	71%	6432	0	4208	0.43288
spneumo-pangenome	matchtigs	28	151.70	0.47	150.40	99%	478816	0	145968	151.70992
spneumo-pangenome	prophasm	9	1.01	0.01	0.98	98%	28512	0	296	1.028249
yeast	greedytigs	15	16.93	0.41	15.74	95%	770648	0	22680	16.942599
escherichia_coli.k32	unitigs	12	125.56	464.15	227.11	550%	2030948	0	7387808	125.56521
sars-cov-2_pangenome	greedytigs	23	7.53	0.15	12.29	165%	458908	0	25208	7.535016
sars-cov-2_pangenome	greedytigs	18	6.55	0.14	10.53	162%	439724	0	19152	6.560523
sars-cov-2_pangenome	eulertigs	13	7.78	0.18	7.54	99%	501716	0	20848	7.792525
spneumoniae	eulertigs	17	0.45	0.02	0.32	77%	7760	0	4288	0.464646
spneumo_pangenome_subsampled	matchtigs	14	5.63	1.97	2.36	76%	527352	0	23848	5.641881
spneumo-pangenome	unitigs	30	45.23	5.42	65.58	156%	2401120	0	1071352	45.244619
escherichia_coli.k32	eulertigs	12	34.22	0.62	33.10	98%	1683244	0	18272	34.22565
spneumoniae	prophasm	7	0.14	0.00	0.10	78%	23396	0	24	0.152512
spneumo_pangenome_subsampled	unitigs	18	15.77	35.54	24.54	380%	2130364	0	282672	15.776875
spneumo-pangenome	matchtigs	16	9620.70	0.77	9609.74	99%	519668	2288	134656	9620.709978
sars-cov-2.590k.k63	prophasm	19	1.50	0.03	1.46	99%	69996	0	3864	1.662919
spneumo-pangenome	eulertigs	14	19.23	0.54	13.57	73%	555304	0	27040	19.237875
sars-cov-2.590k.k63	eulertigs	15	0.60	0.02	0.54	92%	37716	0	3032	0.766553
streptococcus_pneumoniae-large	unitigs	31	220.95	22.81	402.87	192%	5273472	0	6233680	220.967159
spneumo-pangenome	matchtigs	22	85.73	0.40	84.31	98%	376632	296	114704	85.744953
spneumoniae	matchtigs	22	0.37	0.01	0.30	83%	7964	0	5120	0.385303
spneumo-pangenome	unitigs	8	9.33	1.48	3.98	58%	358252	0	83024	9.348024
sars-cov-2_pangenome	eulertigs	15	5.70	0.15	5.54	99%	329204	0	23024	5.708704
escherichia_coli.k32	greedytigs	31	96.41	2.15	77.91	83%	3064600	456	408360	96.421861
spneumoniae	greedytigs	23	0.40	0.01	0.29	75%	7696	0	4216	0.41026
spneumoniae	greedytigs	24	0.36	0.00	0.26	74%	5772	0	4216	0.367175
spneumo-pangenome	greedytigs	6	0.03	0.00	0.01	46%	4224	0	8	0.038318
spneumoniae	prophasm	15	2.45	0.04	2.37	98%	111588	0	4792	2.466025
yeast	matchtigs	18	40.70	0.28	40.49	100%	421656	0	126088	40.717747
spneumo-pangenome	greedytigs	10	55.19	0.14	46.88	85%	211660	0	1048	55.205599
spneumo-pangenome	eulertigs	6	0.02	0.00	0.01	47%	3488	0	8	0.034174
sars-cov-2_pangenome	unitigs	19	41.47	13.27	73.80	209%	2269436	0	1161720	41.475964
spneumo-pangenome	greedytigs	9	1.84	0.03	2.43	133%	68872	0	264	1.853468
spneumo-pangenome	greedytigs	27	5.13	0.12	4.10	82%	235712	0	24016	5.149856
escherichia_coli.k32	greedytigs	15	3286.07	13.46	6285.09	191%	24360584	22176	253688	3286.076456
sars-cov-2.590k.k63	matchtigs	19	5.41	0.07	5.37	100%	129928	0	33752	5.574757
spneumoniae	greedytigs	8	0.28	0.00	0.20	77%	17048	0	72	0.288586
spneumo-pangenome	matchtigs	26	103.20	0.41	101.17	98%	518088	0	157968	103.214673
spneumoniae	greedytigs	14	2.49	0.09	1.69	71%	126456	0	4216	2.500113
spneumoniae	eulertigs	18	0.41	0.01	0.31	80%	6088	0	4248	0.416951
spneumo-pangenome	matchtigs	9	7.48	0.05	13.24	177%	60848	0	2280	7.484435
spneumo_pangenome_subsampled	greedytigs	12	2.81	0.68	1.14	65%	235116	0	10712	2.812673
spneumo-pangenome	eulertigs	28	6.30	0.16	4.98	81%	159828	0	28872	6.310373
spneumoniae	prophasm	19	2.93	0.04	2.84	98%	112468	0	4320	2.939117
spneumoniae	unitigs	12	45.35	15.39	43.57	130%	769192	0	792848	45.369818
spneumo-pangenome	unitigs	31	44.36	5.40	69.40	168%	2361228	0	1079720	44.375304
neisseria_gonorrhoeae.pangenome.k32	greedytigs	31	10.16	0.22	5.74	58%	181452	1352	56896	10.170024
escherichia_coli.k32	eulertigs	13	134.61	3.91	127.76	97%	5964908	0	115752	134.618972
sars-cov-2_pangenome	greedytigs	16	7.60	0.21	12.22	163%	463608	0	16680	7.612037
spneumoniae	eulertigs	16	0.74	0.04	0.40	59%	12700	0	4384	0.764533
human	prophasm	15	1781.74	9.59	1770.97	99%	13737244	0	1579744	1781.747748
human	greedytigs	13	179489.41	74.34	409848.33	228%	31849476	169376	67096	179489.41735
escherichia_coli.k32	eulertigs	17	95.08	1.70	92.81	99%	5203508	0	439544	95.091439
spneumoniae	greedytigs	10	48.63	0.12	47.38	97%	160736	0	984	48.638289
spneumo-pangenome	prophasm	19	13.05	0.21	12.67	98%	353844	0	23896	13.061034
spneumoniae	eulertigs	15	0.99	0.01	0.72	75%	29864	0	4704	0.994002
spneumo-pangenome	eulertigs	27	6.23	0.14	4.93	81%	162892	0	27856	6.242369
escherichia_coli.k32	prophasm	17	239.93	2.97	236.82	99%	5577320	0	449704	239.940791
spneumo_pangenome-616.k63	unitigs	61	88.74	87.05	173.86	294%	23457180	0	1992496	88.751637
spneumoniae	matchtigs	16	0.69	0.04	0.53	82%	27148	0	6880	0.706717
sars-cov-2.590k.k63	matchtigs	13	162.61	0.22	163.46	100%	368456	0	89600	162.782618
human	prophasm	21	4267.15	52.67	4211.47	99%	97972392	0	6087808	4267.157878
spneumo-pangenome	unitigs	24	40.73	4.61	68.84	180%	2376048	0	1038712	40.738746
sars-cov-2.590k.k63	greedytigs	19	0.65	0.02	0.64	102%	57344	0	3160	0.819106
sars-cov-2.590k.k63	prophasm	31	2.52	0.04	2.47	99%	103844	0	6344	2.683044
spneumo_pangenome_subsampled	eulertigs	20	7.44	2.08	3.53	75%	449544	0	39256	7.450373
escherichia_coli.k32	matchtigs	11	149.03	0.31	287.52	193%	762008	136	7160	149.035422
sars-cov-2_pangenome	unitigs	16	40.39	8.59	70.29	195%	2211408	0	1111848	40.399104
spneumo-pangenome	eulertigs	23	6.25	0.14	4.84	79%	160996	0	25832	6.264891
spneumo_pangenome_subsampled	matchtigs	18	9.45	3.38	3.20	69%	657844	0	34824	9.457909
escherichia_coli.k32	greedytigs	14	33243.70	29.44	45146.97	135%	22451980	157048	167424	33243.713088
escherichia_coli.k32	greedytigs	17	107.63	2.21	122.16	115%	8485232	0	314176	107.64057
sars-cov-2.590k.k63	unitigs	13	76.62	83.59	32.08	150%	18083836	0	436016	76.631637
sars-cov-2_pangenome	eulertigs	17	5.08	0.15	4.92	99%	286004	0	25464	5.090868
escherichia_coli.k32	matchtigs	9	0.41	0.01	0.39	99%	51040	0	280	0.419178
spneumo-pangenome	eulertigs	31	6.83	0.17	5.52	83%	159120	0	30664	6.848513
spneumo-pangenome	unitigs	29	52.03	5.42	69.98	144%	2308352	0	1067248	52.051676
escherichia_coli.k32	unitigs	11	43.40	108.82	97.20	474%	2094320	232	2554592	43.411321
sars-cov-2_pangenome	unitigs	28	45.82	14.32	90.06	227%	2348412	3376	1487584	45.831962
spneumo-pangenome	unitigs	18	46.05	4.78	68.85	159%	2296764	1696	1047928	46.06799
sars-cov-2.590k.k63	prophasm	15	1.13	0.03	1.09	99%	62868	0	3104	1.301098
spneumo-pangenome	greedytigs	21	5.06	0.11	3.89	79%	237488	0	21072	5.068989
human	greedytigs	21	59325.73	134.46	350939.17	591%	60223572	36712848	4787104	59325.904749
spneumoniae	eulertigs	24	0.43	0.00	0.37	86%	4896	0	4256	0.45218
spneumo-pangenome	eulertigs	29	6.66	0.23	5.28	82%	156268	0	29504	6.676262
escherichia_coli.k32	eulertigs	8	0.08	0.00	0.08	97%	9744	0	72	0.090954
spneumo-pangenome	matchtigs	6	0.03	0.00	0.01	50%	4312	0	80	0.043808
sars-cov-2_pangenome	eulertigs	18	4.84	0.12	4.66	98%	282536	3176	26792	4.846402
spneumoniae	greedytigs	22	0.39	0.00	0.30	77%	6168	0	4216	0.397517
spneumoniae	eulertigs	8	0.21	0.01	0.12	64%	9716	0	72	0.226219
neisseria_gonorrhoeae.pangenome.k32	greedytigs	18	8.91	0.27	6.65	77%	334376	0	52064	8.926854
spneumoniae	unitigs	16	22.34	1.32	12.93	63%	341120	0	204560	22.361567
sars-cov-2.590k.k63	greedytigs	15	0.70	0.04	0.66	99%	59296	0	2512	0.869049
spneumoniae	unitigs	13	37.38	13.57	34.41	128%	766484	0	596000	37.391921
escherichia_coli.k32	prophasm	14	167.23	1.64	165.49	99%	2845144	0	416304	167.234835
spneumo-pangenome	matchtigs	17	127.67	0.39	126.06	99%	390764	0	108928	127.688702
spneumoniae	unitigs	14	38.25	12.88	28.59	108%	763808	0	403488	38.256978
human	eulertigs	9	0.46	0.03	0.39	92%	29512	38024	264	0.471257
spneumoniae	unitigs	8	11.29	1.17	2.65	33%	250576	0	42456	11.306982
spneumo-pangenome	greedytigs	13	53.07	0.77	131.13	248%	1305588	0	13536	53.092584
spneumoniae	matchtigs	18	0.40	0.02	0.28	78%	9964	0	5200	0.405119
sars-cov-2_pangenome	unitigs	29	45.90	12.25	90.67	224%	2350648	744	1526736	45.905288
spneumoniae	prophasm	24	2.75	0.06	2.68	99%	112756	0	4328	2.763874
salmonella_enterica.k32	unitigs	31	356.56	36.17	607.77	180%	8019160	0	9311760	356.574822
sars-cov-2_pangenome	greedytigs	28	9.29	0.16	15.30	166%	481760	0	31488	9.3034
spneumo-pangenome	matchtigs	15	3566.86	1.51	3570.31	100%	2239828	0	642304	3566.881331
sars-cov-2_pangenome	unitigs	23	44.45	15.33	80.69	216%	2301608	0	1299048	44.463219
spneumoniae	greedytigs	17	0.42	0.01	0.30	74%	10620	0	4192	0.433691
spneumoniae	matchtigs	14	10.75	0.20	10.60	100%	263036	0	56376	10.772252
spneumo-pangenome	prophasm	13	10.67	0.12	10.32	97%	227264	0	28320	10.677066
escherichia_coli.k32	eulertigs	7	0.02	0.00	0.02	96%	4632	0	24	0.030119
spneumo_pangenome_subsampled	unitigs	14	13.81	37.69	19.98	417%	2027104	0	232272	13.814239
spneumo_pangenome_subsampled	matchtigs	16	9.00	3.00	3.01	66%	613280	0	30280	9.008797
neisseria_gonorrhoeae.pangenome.k32	eulertigs	18	8.76	0.23	6.73	79%	211796	0	56152	8.778953
escherichia_coli.k32	eulertigs	11	8.04	0.18	7.84	99%	426820	0	4104	8.050671
spneumoniae	eulertigs	11	7.49	0.23	5.16	72%	209976	0	5112	7.502972
escherichia_coli.k32	matchtigs	10	97.75	0.16	190.61	195%	279448	0	23328	97.754777
spneumo-pangenome	eulertigs	7	0.05	0.00	0.03	60%	4636	0	24	0.065892
spneumoniae	matchtigs	19	0.36	0.00	0.29	83%	9012	0	5200	0.373285
streptococcus_pneumoniae-large	greedytigs	18	45.73	1.08	35.17	79%	1827524	0	138040	45.744036
sars-cov-2.590k.k63	prophasm	17	1.29	0.03	1.26	99%	66300	0	3488	1.462256
spneumo-pangenome	greedytigs	28	6.54	0.19	5.19	82%	235272	0	24592	6.558296
sars-cov-2_pangenome	eulertigs	28	7.37	0.19	7.16	99%	317396	0	42776	7.379341
escherichia_coli.k32	greedytigs	9	0.42	0.03	0.38	98%	48500	0	264	0.4278
sars-cov-2_pangenome	unitigs	11	41.41	26.77	58.54	206%	2174180	1240	1121080	41.414287
spneumo-pangenome	matchtigs	23	93.47	0.34	92.25	99%	442352	0	133360	93.483312
escherichia_coli.k32	prophasm	18	297.32	4.63	287.23	98%	5663232	0	403376	297.33788
escherichia_coli.k61	eulertigs	61	65.01	0.97	63.93	99%	1964264	0	714400	65.180015
spneumo-pangenome	eulertigs	16	8.28	0.18	6.12	76%	224052	0	22816	8.293365
escherichia_coli.k32	unitigs	7	10.43	5.07	44.23	472%	2619412	0	1258216	10.440686
human	prophasm	17	5954.94	454.47	5496.89	99%	57066836	3923320	9359816	5954.949444
spneumo_pangenome_subsampled	greedytigs	14	5.76	1.88	2.54	76%	463540	0	23832	5.766243
neisseria_gonorrhoeae.pangenome.k32	unitigs	18	76.98	8.47	142.29	195%	1942524	20168	2299512	76.992736
salmonella_enterica.k32	greedytigs	18	86.22	3.46	70.96	86%	2870840	0	193160	86.238272
sars-cov-2_pangenome	eulertigs	16	6.06	0.23	5.81	99%	293608	0	24136	6.065585
spneumoniae	unitigs	11	44.75	14.11	37.37	115%	778760	0	720680	44.772721
escherichia_coli.k32	unitigs	17	444.52	453.46	1253.71	384%	4885272	167728	20507472	444.524885
spneumo-pangenome	unitigs	12	76.52	12.11	111.03	160%	2395568	0	2221768	76.531753
spneumoniae	matchtigs	20	0.46	0.02	0.36	82%	8828	0	5256	0.477695
spneumo-pangenome	eulertigs	25	5.36	0.15	4.18	80%	160068	0	27024	5.372999
sars-cov-2_pangenome	greedytigs	19	8.12	0.15	13.76	171%	445680	0	20368	8.125369
escherichia_coli.k32	prophasm	11	89.15	0.14	88.89	99%	111936	1784	4448	89.156148
human	unitigs	11	113.55	292.46	800.49	962%	7580972	6400	20396312	113.561253
escherichia_coli.k32	prophasm	19	277.67	3.72	272.89	99%	5767824	0	406464	277.673754
sars-cov-2_pangenome	greedytigs	25	8.65	0.19	14.02	164%	465924	0	27672	8.662084
spneumo-pangenome	unitigs	6	8.25	1.51	2.83	52%	373512	0	75776	8.269936
spneumoniae	prophasm	9	0.20	0.01	0.18	96%	28460	0	312	0.233736
sars-cov-2_pangenome	greedytigs	30	11.03	0.19	19.88	181%	490968	0	34104	11.041478
spneumo-pangenome	matchtigs	19	71.74	0.34	70.28	98%	343008	0	100584	71.76106
sars-cov-2_pangenome	greedytigs	21	7.15	0.17	11.13	158%	447264	0	22736	7.161473
salmonella_enterica.k32	greedytigs	31	51.54	1.12	42.31	84%	1967380	0	247880	51.557053
sars-cov-2_pangenome	greedytigs	11	65.12	0.27	183.07	281%	515716	0	3408	65.130197
spneumoniae	greedytigs	6	0.06	0.00	0.00	24%	4288	0	8	0.078008
spneumo-pangenome	eulertigs	21	5.08	0.16	3.91	80%	159396	0	24224	5.093058
human	unitigs	15	4139.55	37949.55	8744.10	1127%	7986016	1936	275942160	4139.55975
sars-cov-2.590k.k63	greedytigs	13	1.38	0.07	1.28	98%	89300	0	2152	1.554396
spneumoniae	greedytigs	12	21.49	0.25	21.84	102%	425340	0	3896	21.516095
spneumo_pangenome_subsampled	greedytigs	20	8.04	2.22	3.79	74%	600652	0	39256	8.04349
salmonella_enterica.k32	prophasm	18	171.02	2.38	153.61	91%	3208600	0	239400	171.031218
spneumoniae	eulertigs	14	2.68	0.09	1.71	67%	76024	0	5568	2.692054
sars-cov-2.590k.k63	unitigs	9	4.20	16.52	6.41	545%	367876	0	133648	4.209857
spneumo-pangenome	matchtigs	24	81.05	0.35	79.80	98%	399896	0	102528	81.06518
sars-cov-2_pangenome	greedytigs	14	11.18	0.18	21.36	192%	652976	0	13416	11.19467
spneumoniae	eulertigs	9	0.75	0.03	0.49	70%	28784	0	296	0.757936
sars-cov-2_pangenome	eulertigs	19	5.74	0.15	5.58	99%	286372	0	28368	5.751203
spneumo-pangenome	prophasm	6	0.63	0.00	0.54	87%	23120	0	8	0.642034
sars-cov-2.590k.k63	greedytigs	31	0.93	0.02	0.92	101%	62140	0	5192	1.098987
escherichia_coli.k32	unitigs	15	836.25	3726.38	1696.31	648%	4211496	0	42148832	836.260958
neisseria_gonorrhoeae.pangenome.k32	prophasm	18	40.89	0.89	38.86	97%	972224	0	57216	40.903183
sars-cov-2_pangenome	greedytigs	29	9.25	0.20	15.78	172%	484436	0	32816	9.258521
spneumo-pangenome	greedytigs	30	6.66	0.19	5.43	84%	235024	0	25480	6.676059
spneumo_pangenome_subsampled	eulertigs	12	2.65	0.61	1.18	67%	175568	0	10720	2.659144
spneumo-pangenome	eulertigs	15	11.70	0.21	8.47	74%	336016	0	23904	11.71745
human	unitigs	9	74.05	38.16	442.73	649%	6033764	0	19081632	74.057654
human	greedytigs	31	3018.72	11.67	79629.83	2638%	18195648	14093144	5165712	3018.724309
escherichia_coli.k32	eulertigs	18	129.69	2.52	96.92	76%	3190804	0	394984	129.70454
escherichia_coli.k32	matchtigs	8	0.43	0.02	0.64	154%	22924	0	1288	0.434889
spneumoniae	matchtigs	17	0.46	0.01	0.34	77%	14516	0	5768	0.478356
escherichia_coli.k32	unitigs	9	13.40	15.60	47.25	468%	2274028	3864	1216432	13.406891
sars-cov-2_pangenome	unitigs	27	43.95	10.12	84.13	214%	2330092	0	1449040	43.96279
sars-cov-2.590k.k63	prophasm	11	0.68	0.00	0.67	100%	44840	0	2816	0.850196
sars-cov-2.590k.k63	unitigs	23	74.83	71.53	32.58	139%	17764896	0	429832	74.839123
spneumoniae	eulertigs	19	0.39	0.00	0.33	84%	5376	0	4248	0.400428
escherichia_coli.k32	prophasm	10	52.16	0.14	51.85	99%	45324	0	1136	52.16546
escherichia_coli.k32	matchtigs	7	0.03	0.00	0.02	90%	6228	0	40	0.034836
spneumo-pangenome	greedytigs	23	5.24	0.12	4.06	79%	237904	0	22120	5.254402
neisseria_gonorrhoeae.pangenome.k32	matchtigs	31	51.37	0.36	49.83	97%	320884	0	118712	51.382384
human	eulertigs	23	562.28	12.71	544.31	99%	20041016	21105088	5611496	562.283205
sars-cov-2_pangenome	unitigs	31	47.66	32.55	95.43	268%	2357760	0	1601256	47.671924
sars-cov-2_pangenome	unitigs	17	41.18	9.51	71.06	195%	2220664	952	1115400	41.188125
escherichia_coli.k32	greedytigs	10	3.82	0.09	4.54	121%	199516	0	1032	3.830262
sars-cov-2_pangenome	eulertigs	14	6.75	0.17	6.54	99%	402020	0	22360	6.760612
human	eulertigs	21	934.49	27.05	896.39	98%	36936528	36712616	5971728	934.494691
sars-cov-2_pangenome	eulertigs	29	7.43	0.19	7.23	99%	319204	0	44488	7.438618
spneumoniae	eulertigs	20	0.41	0.01	0.34	85%	5228	0	4248	0.427696
spneumoniae	matchtigs	8	0.65	0.01	0.92	142%	23492	0	1744	0.662798
human	unitigs	21	3348.56	13545.57	22693.70	1082%	27733172	10784	284724240	3348.566211
sars-cov-2_pangenome	unitigs	14	46.41	11.74	74.72	186%	2245888	2608	1317696	46.414302
spneumoniae	prophasm	17	2.78	0.06	2.55	94%	112284	0	4360	2.786285
spneumo-pangenome	greedytigs	18	7.20	0.17	4.16	60%	254648	0	19568	7.214331
escherichia_coli.k32	eulertigs	31	88.33	1.73	70.60	81%	2051256	2712	482416	88.349187
spneumoniae	greedytigs	9	3.33	0.04	3.01	91%	55588	0	264	3.348596
sars-cov-2.590k.k63	matchtigs	23	6.89	0.13	6.80	100%	166568	0	41728	7.062412
sars-cov-2.590k.k63	eulertigs	13	0.82	0.01	0.73	90%	55008	0	2968	0.982886
neisseria_gonorrhoeae.pangenome.k32	eulertigs	31	11.22	0.15	6.19	56%	123812	1224	59560	11.239962
sars-cov-2.590k.k63	eulertigs	31	0.79	0.03	0.74	99%	41380	0	6216	0.952794
human	prophasm	23	4323.48	56.70	4263.71	99%	100334932	192	5715232	4323.486322
sars-cov-2.590k.k63	eulertigs	23	0.65	0.02	0.60	97%	37188	0	4552	0.80872
sars-cov-2_pangenome	unitigs	18	40.58	8.48	72.07	198%	2248880	2576	1133800	40.58688
human	eulertigs	15	1624.47	49.44	1538.71	97%	68141696	101180336	1538304	1624.474934
sars-cov-2.590k.k63	greedytigs	17	0.64	0.03	0.61	100%	55776	0	2840	0.802394
spneumo-pangenome	greedytigs	19	6.43	0.15	4.44	71%	246792	0	20176	6.469401
spneumo-pangenome	prophasm	11	5.23	0.02	5.04	96%	94440	0	6680	5.241606
spneumo-pangenome	unitigs	27	51.72	4.72	68.65	141%	2341128	0	1051712	51.739698
sars-cov-2_pangenome	unitigs	24	29.37	71.15	88.35	542%	2302504	0	1334696	29.379374
spneumo-pangenome	unitigs	21	42.50	5.21	70.73	178%	2340036	0	1036080	42.516106
spneumoniae	prophasm	12	2.62	0.06	2.53	99%	95580	0	8144	2.62418
sars-cov-2.590k.k63	eulertigs	19	0.58	0.03	0.53	97%	35784	0	3784	0.757144
spneumoniae	greedytigs	7	0.09	0.00	0.04	44%	6208	0	24	0.100633
spneumo_pangenome_subsampled	greedytigs	18	9.54	3.35	3.34	70%	574092	0	34808	9.543691
spneumo-pangenome	eulertigs	8	0.21	0.01	0.13	66%	11804	0	72	0.224189
sars-cov-2_pangenome	eulertigs	26	7.30	0.15	7.13	99%	307580	0	39480	7.307139
spneumo_pangenome_subsampled	eulertigs	16	8.82	2.82	3.06	66%	403160	0	30264	8.830193
spneumo-pangenome	unitigs	17	46.21	5.37	74.67	173%	2398592	0	1080600	46.222263
yeast	unitigs	29	34.75	4.06	61.18	187%	1190908	0	909352	34.757924
spneumoniae	prophasm	20	2.72	0.05	2.62	98%	112536	0	4320	2.750719
spneumo-pangenome	prophasm	8	1.09	0.00	0.90	82%	24420	0	80	1.116017
escherichia_coli.k32	prophasm	9	23.37	0.10	23.25	99%	28568	0	288	23.382031
streptococcus_pneumoniae-large	greedytigs	31	32.50	0.80	25.75	81%	963176	0	163520	32.509403
human	greedytigs	23	7851.77	19.20	215754.35	2748%	32598248	17174368	4882680	7851.776896
spneumo-pangenome	greedytigs	29	6.10	0.18	4.76	81%	232644	0	25040	6.118116
sars-cov-2_pangenome	eulertigs	23	6.79	0.16	6.62	99%	297728	0	34608	6.800886
spneumo_pangenome-616.k63	matchtigs	61	150.17	0.25	150.48	100%	420136	0	134600	150.333873
sars-cov-2_pangenome	unitigs	21	42.49	19.33	76.82	226%	2285816	3560	1229272	42.501306
spneumo-pangenome	unitigs	16	44.05	3.89	52.23	127%	736148	0	979568	44.06412
escherichia_coli.k32	greedytigs	13	30498.36	250.92	49840.16	164%	10880504	71944	64784	30498.364997
spneumo-pangenome	eulertigs	13	26.21	0.56	18.53	72%	762028	0	27424	26.22726
spneumoniae	unitigs	17	30.33	11.44	16.77	93%	767088	0	250144	30.348797
spneumoniae	unitigs	18	30.15	12.64	17.89	101%	764104	0	241584	30.170385
spneumo-pangenome	unitigs	9	11.96	1.84	6.77	71%	353452	0	156880	11.977334
spneumo-pangenome	unitigs	22	47.82	5.20	71.38	160%	2377836	0	1036096	47.828884
spneumo-pangenome	eulertigs	9	0.81	0.02	0.52	67%	29720	0	264	0.838478
salmonella_enterica.k32	eulertigs	18	68.64	1.45	49.18	73%	1804632	0	234424	68.659005
human	prophasm	9	184.88	0.55	184.27	99%	28444	0	288	184.885387
spneumo-pangenome	greedytigs	17	6.43	0.20	4.77	77%	289724	0	19096	6.452947
escherichia_coli.k32	greedytigs	19	55.12	1.53	57.80	107%	4027980	0	329288	55.12816
sars-cov-2_pangenome	eulertigs	22	5.41	0.14	5.26	99%	293920	0	33016	5.42011
spneumo-pangenome	unitigs	13	85.83	14.30	129.25	167%	2423796	0	2369152	85.846012
yeast	unitigs	22	40.16	4.31	68.59	181%	1253120	6880	1009320	40.177156
sars-cov-2.590k.k63	unitigs	19	75.26	72.45	31.21	137%	17855664	0	407720	75.267335
spneumo_pangenome_subsampled	eulertigs	14	5.60	1.96	2.38	77%	346652	0	23832	5.613361
spneumo-pangenome	unitigs	7	13.58	1.00	3.89	36%	369108	0	72056	13.589415
escherichia_coli.k32	eulertigs	10	1.86	0.04	1.82	99%	109568	0	1040	1.871403
escherichia_coli.k32	unitigs	14	758.92	3545.34	1383.37	649%	3727504	39200	41806408	758.930537
sars-cov-2.590k.k63	greedytigs	23	0.77	0.03	0.75	102%	57884	0	3816	0.935571
spneumoniae	prophasm	16	2.34	0.08	2.25	99%	112084	0	4464	2.360154
sars-cov-2.590k.k63	unitigs	15	74.92	73.04	29.80	137%	17983164	40	395064	74.927796
spneumo-pangenome	matchtigs	18	98.99	0.44	97.67	99%	405548	3328	88920	99.001296
human	prophasm	13	1043.28	1.57	1040.74	99%	1425528	0	82200	1043.284041
human	eulertigs	31	420.58	9.29	408.56	99%	11433216	14093144	5693024	420.585872
spneumoniae	matchtigs	15	1.53	0.07	1.24	86%	64816	0	11176	1.545557
spneumoniae	greedytigs	13	6.89	0.17	5.30	79%	278896	0	4248	6.897128
spneumoniae	unitigs	15	30.76	11.74	21.23	107%	761180	0	305448	30.780277
sars-cov-2_pangenome	eulertigs	20	5.78	0.09	5.67	99%	290120	0	29920	5.786775
sars-cov-2_pangenome	greedytigs	12	61.74	0.36	166.68	270%	827052	0	7240	61.751977
sars-cov-2_pangenome	greedytigs	27	8.69	0.12	14.72	170%	472848	0	30216	8.700873
escherichia_coli.k32	unitigs	13	361.82	3043.57	644.49	1019%	1980396	0	22682224	361.824591
spneumo-pangenome	matchtigs	31	100.94	0.40	99.77	99%	473324	0	146704	100.959996
spneumo-pangenome	prophasm	22	13.52	0.26	13.17	99%	370544	0	25696	13.541027
sars-cov-2.590k.k63	greedytigs	61	1.60	0.03	1.59	101%	81256	0	11096	1.76377
spneumo-pangenome	greedytigs	24	6.11	0.17	4.54	77%	233604	0	22552	6.123594
yeast	greedytigs	18	2.28	0.06	1.74	79%	54540	0	22608	2.299316
spneumo-pangenome	unitigs	14	75.98	11.13	108.23	157%	2348588	0	1870648	75.998378
escherichia_coli.k32	prophasm	12	100.78	0.31	100.36	99%	377020	0	19224	100.790706
sars-cov-2.590k.k63	matchtigs	9	315.84	0.81	370.03	117%	2287780	0	539128	316.015992
spneumo-pangenome	prophasm	23	13.82	0.16	13.40	98%	376008	0	26344	13.845872
spneumoniae	prophasm	22	2.75	0.07	2.68	99%	112652	0	4320	2.760502
sars-cov-2_pangenome	greedytigs	15	10.00	0.20	17.67	178%	522120	0	15224	10.006749
sars-cov-2_pangenome	unitigs	15	42.39	8.93	71.61	189%	2223284	328	1163304	42.399788
spneumo-pangenome	greedytigs	31	6.04	0.13	4.75	80%	233916	0	26048	6.056659
sars-cov-2.590k.k63	greedytigs	21	0.68	0.03	0.66	102%	56076	0	3472	0.838919
spneumo-pangenome	eulertigs	11	14.40	0.36	9.41	67%	329724	0	6464	14.408756
spneumo-pangenome	greedytigs	11	134.72	0.40	216.41	160%	570412	0	3672	134.730749
escherichia_coli.k32	greedytigs	18	129.90	2.74	104.53	82%	5130300	0	320192	129.906153
human	prophasm	31	4510.01	58.79	4448.17	99%	105700708	0	5794648	4510.021667
streptococcus_pneumoniae-large	eulertigs	31	30.29	0.54	24.53	82%	652316	0	186488	30.305345
sars-cov-2.590k.k63	prophasm	9	0.34	0.00	0.33	99%	28092	0	376	0.506355
sars-cov-2.590k.k63	matchtigs	31	7.46	0.13	7.42	101%	209872	256	57768	7.633578
spneumoniae	prophasm	21	3.37	0.06	3.02	91%	112596	0	4320	3.390042
escherichia_coli.k32	greedytigs	12	1955.16	1.16	2532.38	129%	3075232	0	16656	1955.165409
spneumo-pangenome	eulertigs	18	5.58	0.14	3.94	73%	169048	0	22544	5.597694
spneumo-pangenome	matchtigs	7	0.06	0.00	0.02	48%	5996	0	40	0.066818
sars-cov-2.590k.k63	matchtigs	17	4.15	0.08	4.09	100%	122420	0	31256	4.313773
sars-cov-2_pangenome	unitigs	30	44.85	12.59	92.91	235%	2353988	0	1563696	44.858348
spneumoniae	prophasm	13	2.71	0.04	2.65	99%	105956	0	7304	2.720189
human	eulertigs	13	149.43	4.45	141.34	97%	6561376	10635384	78792	149.434226
sars-cov-2_pangenome	unitigs	22	41.79	18.86	76.54	228%	2292520	0	1264360	41.802124
spneumoniae	unitigs	21	29.79	11.69	16.84	95%	759276	0	225552	29.804206
escherichia_coli.k32	matchtigs	18	26321.04	15.39	26316.30	100%	15263960	10816	4959048	26321.050795
spneumoniae	matchtigs	9	30.05	0.17	49.55	165%	266092	0	56480	30.070263
spneumoniae	eulertigs	13	5.35	0.14	3.71	72%	167568	0	7104	5.361162
escherichia_coli.k32	greedytigs	7	0.02	0.00	0.02	92%	5732	0	24	0.031993
spneumo-pangenome	greedytigs	16	7.82	0.15	6.61	86%	356424	0	18600	7.840424
escherichia_coli.k61	greedytigs	61	53.53	1.07	57.34	109%	2894084	0	593464	53.701193
escherichia_coli.k32	prophasm	31	343.58	5.60	328.68	97%	6704992	512	492160	343.590563
spneumoniae	unitigs	20	30.07	11.72	17.14	96%	757568	0	229720	30.08262
spneumoniae	prophasm	23	2.53	0.02	2.49	99%	112704	0	4328	2.553682
escherichia_coli.k32	greedytigs	16	383.34	12.47	535.95	143%	15630540	96	297600	383.345507
spneumo-pangenome	matchtigs	25	94.30	0.32	92.93	98%	429152	0	131144	94.314249
spneumo_pangenome_subsampled	matchtigs	20	7.86	2.25	3.61	74%	692476	0	39272	7.873738
spneumoniae	greedytigs	21	0.38	0.00	0.29	76%	6248	0	4208	0.399857
spneumoniae	prophasm	11	1.56	0.02	1.50	97%	65816	0	5304	1.568788
escherichia_coli.k32	unitigs	31	566.87	62.64	1014.36	189%	9739496	8752	15302208	566.888858
spneumoniae	unitigs	9	18.72	1.13	5.59	35%	250960	0	109712	18.729423
spneumo-pangenome	eulertigs	12	25.38	0.53	17.79	72%	664916	0	18656	25.393327
spneumo-pangenome	greedytigs	14	25.57	0.54	30.50	121%	924312	0	16440	25.582761
escherichia_coli.k32	unitigs	16	658.26	3299.10	1407.43	714%	5962828	0	29623920	658.265881
escherichia_coli.k61	matchtigs	61	4231.50	3.99	4237.98	100%	6546176	0	2509088	4231.66748
escherichia_coli.k32	prophasm	16	238.79	2.85	235.77	99%	5577460	0	523784	238.794225
spneumo-pangenome	greedytigs	7	0.09	0.00	0.03	41%	6144	0	24	0.101581
spneumoniae	eulertigs	10	3.54	0.10	2.38	70%	92604	0	1544	3.557096
salmonella_enterica.k32	prophasm	31	223.75	2.98	201.74	91%	3868412	0	301992	223.772419
escherichia_coli.k32	prophasm	7	14.06	0.07	13.98	99%	23492	0	24	14.072087
spneumoniae	unitigs	10	17.24	2.40	12.57	86%	301856	0	312784	17.247646
sars-cov-2.590k.k63	matchtigs	15	8.91	0.12	8.85	100%	123588	0	30728	9.07511
sars-cov-2.590k.k63	unitigs	61	74.55	68.52	57.34	168%	16768584	9440	784992	74.556869
spneumo-pangenome	unitigs	28	41.57	5.20	67.97	176%	2391888	0	1059248	41.581147
sars-cov-2_pangenome	unitigs	26	44.80	11.42	86.45	218%	2312772	560	1411816	44.809318
escherichia_coli.k32	prophasm	15	217.32	2.19	214.98	99%	3865600	0	577504	217.326409
spneumoniae	unitigs	29	26.88	10.94	14.14	93%	753304	9664	201200	26.894017
neisseria_gonorrhoeae.pangenome.k32	matchtigs	18	15103.38	1.65	15087.32	99%	1077836	0	331880	15103.39596
spneumo-pangenome	prophasm	20	12.96	0.19	12.64	99%	359436	0	24528	12.982122
spneumo-pangenome	greedytigs	22	5.09	0.12	3.96	80%	244440	0	21664	5.101381
streptococcus_pneumoniae-large	matchtigs	18	1003.50	2.65	994.45	99%	2683104	0	887728	1003.516351
spneumoniae	unitigs	23	24.45	11.50	15.87	111%	757564	27856	216760	24.467122
salmonella_enterica.k32	matchtigs	18	4702.82	4.66	4680.88	99%	4670592	392	1508568	4702.839172
human	prophasm	19	4223.99	52.00	4168.99	99%	94785620	0	8144440	4223.997606
spneumo_pangenome_subsampled	unitigs	16	15.39	39.27	23.23	406%	2140980	0	263848	15.394651
sars-cov-2.590k.k63	unitigs	11	7.33	42.46	13.07	756%	384588	0	281728	7.343612
human	unitigs	13	515.43	3719.76	1504.16	1013%	7680524	17584	44291000	515.442703
spneumo-pangenome	greedytigs	12	134.04	0.93	335.67	251%	1189040	0	8704	134.052948
sars-cov-2.590k.k63	greedytigs	11	9.84	0.06	9.73	99%	161716	0	1416	10.027519
spneumo-pangenome	greedytigs	15	11.80	0.32	9.64	84%	546416	0	17808	11.809266
sars-cov-2.590k.k63	prophasm	21	1.59	0.03	1.55	99%	73692	0	4168	1.757178
spneumo-pangenome	prophasm	10	2.70	0.01	2.58	96%	44196	0	1344	2.712525
streptococcus_pneumoniae-large	prophasm	31	149.85	2.14	133.49	90%	2986884	0	190144	149.859588
escherichia_coli.k32	unitigs	10	21.33	28.57	53.59	385%	2161968	0	1381224	21.338751
spneumo-pangenome	eulertigs	10	3.71	0.08	2.69	74%	105080	0	1288	3.721387
spneumoniae	unitigs	24	25.79	10.79	13.70	94%	760280	0	212472	25.801573
spneumo_pangenome-616.k63	eulertigs	61	4.24	0.08	4.13	99%	153560	0	47448	4.407453
sars-cov-2_pangenome	unitigs	13	48.98	12.91	79.14	187%	2253548	0	1552936	48.990777
spneumoniae	eulertigs	6	0.02	0.00	0.00	45%	3600	0	8	0.028873
spneumoniae	matchtigs	7	0.05	0.00	0.02	58%	6140	0	40	0.062423
sars-cov-2_pangenome	unitigs	12	48.72	22.13	74.39	198%	2219276	0	1582848	48.724799
sars-cov-2_pangenome	eulertigs	27	6.56	0.16	6.39	99%	310280	0	41008	6.568661
spneumo-pangenome	unitigs	19	43.73	4.79	71.74	175%	2306272	0	1039616	43.743227
spneumo-pangenome	matchtigs	10	3821.43	6.35	4838.99	126%	11334052	0	2789112	3821.444691
sars-cov-2.590k.k63	matchtigs	21	6.62	0.08	6.57	100%	129964	0	34176	6.78329
spneumo-pangenome	unitigs	20	43.14	5.15	71.35	177%	2322888	0	1038440	43.153512
sars-cov-2.590k.k63	prophasm	13	1.02	0.02	0.99	99%	58644	0	3056	1.183499
neisseria_gonorrhoeae.pangenome.k32	unitigs	31	79.13	7.53	126.11	168%	2528776	1760	2014696	79.155727
escherichia_coli.k32	eulertigs	19	54.76	0.94	53.70	99%	2604052	0	398200	54.771173
spneumoniae	matchtigs	23	0.38	0.02	0.30	85%	7936	0	5184	0.393811
spneumo-pangenome	eulertigs	17	5.61	0.11	4.25	77%	192216	0	22632	5.636069
spneumoniae	greedytigs	16	0.56	0.00	0.37	66%	19500	88	4192	0.576861
spneumo-pangenome	eulertigs	19	6.14	0.13	4.70	78%	167460	0	23408	6.154906
neisseria_gonorrhoeae.pangenome.k32	prophasm	31	46.53	0.64	44.35	96%	1355300	512	60664	46.53742
spneumoniae	prophasm	14	2.74	0.02	2.69	99%	110148	0	5688	2.749363
spneumo-pangenome	eulertigs	30	6.15	0.18	4.96	83%	161144	0	29632	6.165911
escherichia_coli.k32	prophasm	13	136.10	1.03	134.55	99%	1355152	0	119112	136.112438
sars-cov-2_pangenome	eulertigs	25	6.91	0.15	6.76	99%	304368	0	37808	6.92102
